"SKU","PRODUCT_NAME","BRAND","CLASS","TYPE","MATERIAL","COLOR","WEATHER_RESISTANCE","ARCH_SUPPORT","SIZE","PRICE","RATING","STORE_ID","CITY"
"ZEN-5999","Zentrax X Walking","Zentrax","Women","Walking","Synthetic","White","Resistant","High",8.0,108.65,4.3,1.0,"Ottawa"
"RUN-4723","RunXpress Max Walking","RunXpress","Women","Walking","Synthetic","White","Waterproof","High",8.5,103.22,3.0,20.0,"Ottawa"
"ZEN-8968","Zentrax Pro Running","Zentrax","Men","Running","Synthetic","Black","Waterproof","High",7.5,100.25,3.7,13.0,"Toronto"
"RUN-7569","RunXpress X Walking","RunXpress","Men","Walking","Synthetic","Black","Waterproof","Flat",7.5,83.84,3.2,4.0,"Ottawa"
"RUN-1083","RunXpress X Walking","RunXpress","Women","Walking","Synthetic","Black","Resistant","Flat",12.5,139.7,3.8,2.0,"Toronto"
"LOO-1505","Loopic X Walking","Loopic","Men","Walking","Synthetic","White","Resistant","High",11.5,115.43,3.7,5.0,"Toronto"
"LOO-7876","Loopic Flex Walking","Loopic","Men","Walking","Knit","White","Resistant","Flat",11.0,45.42,4.6,6.0,"Toronto"
"FOO-3873","FootFlex Max Walking","FootFlex","Men","Walking","Knit","White","Resistant","High",7.5,114.41,3.7,15.0,"Ottawa"
"STR-3321","StrideOne Pro Running","StrideOne","Men","Running","Knit","Black","Waterproof","High",8.0,126.96,4.1,6.0,"Ottawa"
"RUN-9657","RunXpress Ultra Running","RunXpress","Women","Running","Synthetic","White","Resistant","High",10.0,117.52,4.2,3.0,"Toronto"
"ZEN-2275","Zentrax Flex Running","Zentrax","Women","Running","Knit","White","Resistant","High",11.5,136.3,3.7,10.0,"Toronto"
"LOO-2201","Loopic X Running","Loopic","Men","Running","Synthetic","White","Waterproof","High",9.5,71.18,4.3,10.0,"Ottawa"
"STR-1144","StrideOne Max Running","StrideOne","Men","Running","Knit","White","Waterproof","High",12.0,98.13,3.4,13.0,"Ottawa"
"FOO-5535","FootFlex Flex Walking","FootFlex","Men","Walking","Synthetic","Black","Waterproof","High",9.0,70.42,3.3,17.0,"Toronto"
"LOO-5310","Loopic Max Walking","Loopic","Women","Walking","Synthetic","Black","Resistant","High",7.0,104.33,3.5,20.0,"Ottawa"
"FOO-3385","FootFlex Max Walking","FootFlex","Women","Walking","Synthetic","White","Waterproof","Flat",10.5,100.82,4.1,5.0,"Toronto"
"ZEN-5121","Zentrax Flex Walking","Zentrax","Men","Walking","Knit","Black","Waterproof","Flat",6.0,114.34,3.0,18.0,"Toronto"
"LOO-2183","Loopic Flex Walking","Loopic","Women","Walking","Knit","Black","Resistant","High",6.0,39.52,3.1,17.0,"Ottawa"
"ZEN-5696","Zentrax Max Running","Zentrax","Men","Running","Synthetic","Black","Waterproof","High",9.0,127.76,3.6,6.0,"Toronto"
"STR-7245","StrideOne Pro Walking","StrideOne","Women","Walking","Knit","White","Resistant","High",6.0,128.85,4.5,3.0,"Ottawa"
"LOO-8554","Loopic Flex Running","Loopic","Women","Running","Synthetic","Black","Resistant","High",6.5,131.62,4.9,11.0,"Toronto"
"RUN-5216","RunXpress Ultra Walking","RunXpress","Women","Walking","Synthetic","Black","Waterproof","Flat",11.5,61.52,3.4,11.0,"Toronto"
"ZEN-5125","Zentrax Pro Walking","Zentrax","Women","Walking","Knit","Black","Resistant","High",11.0,88.31,4.6,17.0,"Ottawa"
"ZEN-7425","Zentrax Flex Walking","Zentrax","Women","Walking","Knit","White","Waterproof","High",10.0,70.42,4.6,6.0,"Toronto"
"RUN-6498","RunXpress Max Walking","RunXpress","Men","Walking","Synthetic","White","Waterproof","Flat",8.5,71.75,4.5,18.0,"Toronto"
"FOO-8432","FootFlex Flex Walking","FootFlex","Women","Walking","Synthetic","Black","Resistant","Flat",12.0,137.67,4.7,18.0,"Ottawa"
"LOO-7300","Loopic Ultra Running","Loopic","Men","Running","Knit","White","Resistant","High",7.0,79.29,4.3,11.0,"Ottawa"
"RUN-1492","RunXpress X Walking","RunXpress","Women","Walking","Synthetic","Black","Resistant","High",9.0,122.26,4.3,12.0,"Ottawa"
"RUN-5161","RunXpress Pro Walking","RunXpress","Women","Walking","Knit","Black","Waterproof","Flat",11.5,124.14,3.2,14.0,"Ottawa"
"LOO-8764","Loopic Max Walking","Loopic","Women","Walking","Synthetic","Black","Resistant","Flat",10.0,125.54,4.6,5.0,"Toronto"
"STR-4150","StrideOne Ultra Running","StrideOne","Men","Running","Knit","Black","Waterproof","High",8.0,42.79,4.2,20.0,"Ottawa"
"RUN-5480","RunXpress Pro Walking","RunXpress","Men","Walking","Knit","White","Waterproof","High",12.0,97.24,4.7,12.0,"Toronto"
"FOO-3128","FootFlex Pro Walking","FootFlex","Men","Walking","Synthetic","Black","Resistant","Flat",6.5,147.7,3.4,16.0,"Toronto"
"STR-9557","StrideOne Ultra Walking","StrideOne","Women","Walking","Synthetic","Black","Waterproof","High",10.0,57.09,4.6,3.0,"Ottawa"
"ZEN-8148","Zentrax Pro Walking","Zentrax","Women","Walking","Knit","Black","Waterproof","High",7.0,69.16,3.9,15.0,"Ottawa"
"LOO-9552","Loopic X Running","Loopic","Men","Running","Knit","White","Waterproof","High",6.5,88.64,3.0,20.0,"Ottawa"
"ZEN-6334","Zentrax Max Running","Zentrax","Men","Running","Synthetic","White","Waterproof","Flat",6.5,116.2,4.4,10.0,"Ottawa"
"FOO-1619","FootFlex Max Walking","FootFlex","Men","Walking","Knit","White","Waterproof","High",7.5,134.91,3.1,10.0,"Toronto"
"RUN-6902","RunXpress Flex Walking","RunXpress","Women","Walking","Synthetic","Black","Waterproof","Flat",11.0,95.21,4.7,19.0,"Toronto"
"FOO-9245","FootFlex Flex Walking","FootFlex","Women","Walking","Synthetic","White","Waterproof","High",7.0,39.93,3.8,3.0,"Ottawa"
"STR-4210","StrideOne Flex Running","StrideOne","Men","Running","Knit","Black","Waterproof","Flat",11.0,119.36,4.5,3.0,"Toronto"
"RUN-3891","RunXpress Max Walking","RunXpress","Women","Walking","Knit","White","Waterproof","Flat",6.5,149.7,3.9,18.0,"Toronto"
"ZEN-7615","Zentrax Max Walking","Zentrax","Women","Walking","Knit","White","Waterproof","High",10.0,60.12,3.8,2.0,"Toronto"
"RUN-3427","RunXpress X Walking","RunXpress","Women","Walking","Knit","Black","Resistant","High",6.0,138.12,4.3,17.0,"Ottawa"
"LOO-1396","Loopic Pro Running","Loopic","Men","Running","Knit","Black","Resistant","Flat",12.0,43.98,4.6,4.0,"Toronto"
"STR-2330","StrideOne X Running","StrideOne","Men","Running","Synthetic","Black","Waterproof","High",6.0,97.79,3.7,2.0,"Toronto"
"STR-1819","StrideOne Flex Running","StrideOne","Women","Running","Knit","White","Resistant","Flat",10.0,38.54,3.3,7.0,"Toronto"
"ZEN-2334","Zentrax Ultra Walking","Zentrax","Men","Walking","Synthetic","Black","Waterproof","Flat",8.5,59.39,3.4,20.0,"Toronto"
"FOO-6944","FootFlex Ultra Walking","FootFlex","Men","Walking","Knit","White","Resistant","Flat",6.5,69.0,3.8,8.0,"Ottawa"
"STR-7181","StrideOne X Running","StrideOne","Women","Running","Synthetic","White","Waterproof","Flat",10.0,122.42,3.7,12.0,"Toronto"
"LOO-4267","Loopic Pro Running","Loopic","Men","Running","Synthetic","Black","Resistant","Flat",9.5,118.25,4.3,3.0,"Toronto"
"RUN-1157","RunXpress Max Walking","RunXpress","Women","Walking","Knit","Black","Resistant","Flat",11.5,106.6,4.1,5.0,"Ottawa"
"LOO-5640","Loopic Flex Running","Loopic","Women","Running","Synthetic","Black","Waterproof","Flat",7.0,127.1,4.0,8.0,"Ottawa"
"FOO-8401","FootFlex Max Walking","FootFlex","Men","Walking","Synthetic","White","Waterproof","Flat",11.0,133.32,3.0,6.0,"Toronto"
"RUN-3632","RunXpress Ultra Running","RunXpress","Men","Running","Synthetic","White","Resistant","High",12.5,90.99,3.3,14.0,"Ottawa"
"STR-1253","StrideOne Ultra Walking","StrideOne","Women","Walking","Knit","White","Resistant","High",12.0,149.74,4.5,10.0,"Ottawa"
"LOO-3364","Loopic Pro Running","Loopic","Men","Running","Knit","White","Waterproof","High",10.0,45.62,3.7,8.0,"Ottawa"
"ZEN-2061","Zentrax Flex Running","Zentrax","Men","Running","Knit","Black","Waterproof","Flat",12.0,134.65,4.9,11.0,"Ottawa"
"RUN-2499","RunXpress Flex Running","RunXpress","Women","Running","Knit","White","Resistant","High",10.0,106.05,3.7,3.0,"Ottawa"
"STR-2124","StrideOne X Running","StrideOne","Men","Running","Knit","White","Waterproof","High",8.0,87.28,4.2,16.0,"Toronto"
"ZEN-5366","Zentrax Ultra Running","Zentrax","Women","Running","Knit","Black","Waterproof","High",6.0,142.46,4.1,9.0,"Toronto"
"FOO-9325","FootFlex Pro Walking","FootFlex","Women","Walking","Synthetic","Black","Resistant","High",10.5,123.09,4.9,2.0,"Toronto"
"RUN-9444","RunXpress X Running","RunXpress","Men","Running","Synthetic","Black","Waterproof","Flat",12.0,106.1,3.6,10.0,"Ottawa"
"LOO-3084","Loopic Max Walking","Loopic","Men","Walking","Synthetic","White","Waterproof","Flat",7.5,33.8,4.3,5.0,"Ottawa"
"STR-5227","StrideOne Max Walking","StrideOne","Women","Walking","Synthetic","White","Resistant","High",10.0,75.14,4.9,4.0,"Ottawa"
"ZEN-6851","Zentrax Flex Walking","Zentrax","Men","Walking","Knit","Black","Waterproof","High",7.0,81.78,4.7,4.0,"Toronto"
"ZEN-1991","Zentrax Pro Walking","Zentrax","Women","Walking","Knit","Black","Waterproof","High",6.5,119.67,4.4,3.0,"Ottawa"
"FOO-2335","FootFlex Flex Running","FootFlex","Women","Running","Synthetic","White","Resistant","High",12.5,115.57,4.2,16.0,"Toronto"
"STR-6954","StrideOne Flex Walking","StrideOne","Men","Walking","Synthetic","White","Waterproof","Flat",8.5,66.18,3.8,19.0,"Ottawa"
"STR-1510","StrideOne Ultra Running","StrideOne","Men","Running","Synthetic","Black","Resistant","Flat",11.5,46.54,4.3,6.0,"Toronto"
"ZEN-7687","Zentrax Max Running","Zentrax","Women","Running","Knit","Black","Waterproof","Flat",11.5,142.2,4.5,4.0,"Toronto"
"STR-4486","StrideOne Ultra Walking","StrideOne","Women","Walking","Knit","White","Resistant","High",11.0,130.85,4.7,4.0,"Toronto"
"FOO-9748","FootFlex Flex Running","FootFlex","Men","Running","Synthetic","Black","Resistant","High",11.0,93.67,4.2,15.0,"Toronto"
"RUN-3556","RunXpress Flex Running","RunXpress","Men","Running","Knit","Black","Waterproof","Flat",9.0,38.35,4.0,19.0,"Toronto"
"RUN-1890","RunXpress Pro Running","RunXpress","Women","Running","Synthetic","White","Waterproof","Flat",12.5,84.7,3.8,3.0,"Toronto"
"RUN-7463","RunXpress Flex Walking","RunXpress","Men","Walking","Synthetic","White","Waterproof","Flat",12.5,37.26,4.7,16.0,"Ottawa"
"LOO-7936","Loopic Ultra Walking","Loopic","Men","Walking","Knit","White","Waterproof","Flat",9.5,32.8,4.3,5.0,"Toronto"
"RUN-5486","RunXpress X Walking","RunXpress","Women","Walking","Synthetic","White","Resistant","Flat",7.5,102.99,4.4,4.0,"Ottawa"
"FOO-8974","FootFlex Flex Walking","FootFlex","Women","Walking","Synthetic","White","Waterproof","Flat",8.5,58.62,4.8,6.0,"Ottawa"
"RUN-1859","RunXpress X Walking","RunXpress","Men","Walking","Synthetic","Black","Waterproof","Flat",11.0,89.12,3.1,17.0,"Ottawa"
"FOO-9370","FootFlex Ultra Walking","FootFlex","Men","Walking","Knit","Black","Resistant","Flat",6.0,138.22,3.0,16.0,"Toronto"
"STR-5974","StrideOne X Running","StrideOne","Women","Running","Knit","Black","Resistant","High",9.0,57.82,4.5,10.0,"Ottawa"
"ZEN-2333","Zentrax Flex Running","Zentrax","Women","Running","Knit","White","Waterproof","Flat",10.5,138.11,4.5,18.0,"Toronto"
"LOO-1413","Loopic Flex Running","Loopic","Women","Running","Knit","White","Resistant","Flat",10.0,128.16,4.1,9.0,"Toronto"
"STR-7643","StrideOne Flex Running","StrideOne","Women","Running","Synthetic","White","Resistant","High",10.0,133.95,3.7,12.0,"Ottawa"
"LOO-1675","Loopic Flex Running","Loopic","Men","Running","Synthetic","White","Resistant","Flat",10.5,117.61,4.7,15.0,"Ottawa"
"STR-7840","StrideOne Pro Walking","StrideOne","Women","Walking","Knit","White","Resistant","High",12.5,99.76,4.4,18.0,"Ottawa"
"ZEN-9237","Zentrax X Walking","Zentrax","Men","Walking","Synthetic","White","Waterproof","High",9.5,44.38,5.0,9.0,"Toronto"
"RUN-3364","RunXpress Flex Walking","RunXpress","Women","Walking","Knit","Black","Waterproof","Flat",7.5,111.51,4.0,20.0,"Ottawa"
"STR-5275","StrideOne Flex Walking","StrideOne","Men","Walking","Synthetic","Black","Resistant","High",9.0,92.29,3.1,11.0,"Toronto"
"FOO-2470","FootFlex Pro Running","FootFlex","Women","Running","Synthetic","White","Waterproof","Flat",10.0,119.31,4.0,1.0,"Toronto"
"FOO-2211","FootFlex Pro Running","FootFlex","Men","Running","Knit","Black","Resistant","Flat",6.0,106.69,3.1,3.0,"Toronto"
"FOO-4876","FootFlex Flex Walking","FootFlex","Men","Walking","Knit","White","Resistant","Flat",8.5,98.73,3.5,3.0,"Toronto"
"FOO-7166","FootFlex X Running","FootFlex","Men","Running","Synthetic","White","Waterproof","Flat",11.5,50.58,3.6,14.0,"Ottawa"
"FOO-5229","FootFlex Max Walking","FootFlex","Women","Walking","Synthetic","Black","Waterproof","High",10.0,121.8,4.8,3.0,"Ottawa"
"RUN-6591","RunXpress Ultra Running","RunXpress","Men","Running","Knit","White","Resistant","High",8.0,117.29,3.6,2.0,"Ottawa"
"ZEN-6109","Zentrax X Walking","Zentrax","Men","Walking","Synthetic","White","Waterproof","Flat",7.0,134.5,4.3,3.0,"Ottawa"
"RUN-8824","RunXpress Pro Walking","RunXpress","Men","Walking","Knit","Black","Waterproof","Flat",11.5,30.35,4.0,13.0,"Ottawa"
"ZEN-3095","Zentrax X Running","Zentrax","Women","Running","Synthetic","Black","Waterproof","Flat",7.0,39.8,3.2,6.0,"Ottawa"
"RUN-1481","RunXpress Pro Running","RunXpress","Women","Running","Synthetic","Black","Resistant","Flat",11.0,38.61,3.4,2.0,"Toronto"
"ZEN-3968","Zentrax Pro Running","Zentrax","Women","Running","Knit","White","Resistant","Flat",8.0,135.15,4.2,9.0,"Ottawa"
"FOO-7945","FootFlex Max Walking","FootFlex","Women","Walking","Knit","White","Waterproof","Flat",6.5,83.48,3.5,8.0,"Toronto"
"STR-1964","StrideOne Pro Walking","StrideOne","Men","Walking","Synthetic","White","Resistant","High",7.0,34.36,4.2,7.0,"Toronto"
"RUN-2617","RunXpress Ultra Walking","RunXpress","Men","Walking","Knit","Black","Waterproof","Flat",6.0,90.6,4.8,18.0,"Ottawa"
"ZEN-8522","Zentrax Pro Running","Zentrax","Women","Running","Synthetic","White","Waterproof","Flat",10.5,59.78,3.4,17.0,"Toronto"
"ZEN-7777","Zentrax Pro Running","Zentrax","Men","Running","Knit","Black","Waterproof","Flat",9.0,101.62,4.3,15.0,"Ottawa"
"STR-1689","StrideOne Max Running","StrideOne","Women","Running","Knit","White","Waterproof","Flat",11.0,91.12,4.6,10.0,"Toronto"
"FOO-5239","FootFlex Pro Walking","FootFlex","Men","Walking","Synthetic","White","Waterproof","High",8.5,102.04,3.7,9.0,"Toronto"
"ZEN-1876","Zentrax Max Walking","Zentrax","Women","Walking","Knit","Black","Resistant","Flat",12.5,137.5,4.9,4.0,"Toronto"
"LOO-1824","Loopic X Running","Loopic","Women","Running","Knit","White","Resistant","Flat",7.5,30.77,4.5,20.0,"Toronto"
"RUN-2266","RunXpress Ultra Walking","RunXpress","Men","Walking","Synthetic","White","Waterproof","High",6.5,125.6,3.5,19.0,"Toronto"
"LOO-6977","Loopic Flex Walking","Loopic","Women","Walking","Knit","Black","Resistant","Flat",6.5,57.59,3.2,9.0,"Ottawa"
"FOO-1827","FootFlex Max Running","FootFlex","Women","Running","Knit","White","Resistant","High",10.0,42.45,4.6,15.0,"Toronto"
"ZEN-3262","Zentrax X Running","Zentrax","Men","Running","Knit","White","Waterproof","High",6.5,87.31,4.2,14.0,"Toronto"
"ZEN-8623","Zentrax Max Walking","Zentrax","Women","Walking","Synthetic","Black","Waterproof","Flat",6.0,52.98,3.4,16.0,"Toronto"
"LOO-9567","Loopic Pro Walking","Loopic","Women","Walking","Synthetic","White","Resistant","High",9.0,76.37,3.5,13.0,"Ottawa"
"ZEN-3955","Zentrax Max Walking","Zentrax","Men","Walking","Synthetic","Black","Resistant","High",10.5,119.92,4.2,5.0,"Toronto"
"LOO-3950","Loopic Pro Walking","Loopic","Men","Walking","Synthetic","Black","Waterproof","Flat",8.5,77.46,3.8,9.0,"Ottawa"
"STR-8879","StrideOne X Walking","StrideOne","Men","Walking","Knit","Black","Waterproof","High",10.0,59.9,3.5,13.0,"Ottawa"
"RUN-9157","RunXpress Pro Walking","RunXpress","Women","Walking","Synthetic","Black","Resistant","Flat",11.0,81.71,3.8,3.0,"Ottawa"
"STR-5016","StrideOne Ultra Walking","StrideOne","Women","Walking","Synthetic","White","Waterproof","High",8.0,100.65,4.2,4.0,"Ottawa"
"STR-5323","StrideOne X Walking","StrideOne","Men","Walking","Synthetic","Black","Resistant","High",11.0,133.89,3.9,16.0,"Toronto"
"LOO-3339","Loopic Ultra Walking","Loopic","Men","Walking","Synthetic","Black","Waterproof","Flat",11.0,123.52,3.0,4.0,"Toronto"
"RUN-3419","RunXpress X Walking","RunXpress","Men","Walking","Synthetic","White","Resistant","High",7.5,41.96,4.6,9.0,"Toronto"
"LOO-5379","Loopic Max Running","Loopic","Men","Running","Knit","White","Waterproof","High",11.0,100.33,4.8,17.0,"Toronto"
"STR-5931","StrideOne X Walking","StrideOne","Women","Walking","Knit","Black","Waterproof","Flat",12.0,137.99,4.8,6.0,"Ottawa"
"RUN-8664","RunXpress Ultra Running","RunXpress","Women","Running","Knit","Black","Waterproof","High",12.5,37.66,4.6,3.0,"Ottawa"
"LOO-4388","Loopic X Running","Loopic","Women","Running","Synthetic","White","Waterproof","High",7.5,71.57,3.1,13.0,"Ottawa"
"FOO-3772","FootFlex Pro Walking","FootFlex","Women","Walking","Synthetic","White","Waterproof","Flat",10.5,129.86,3.8,7.0,"Ottawa"
"FOO-8146","FootFlex X Walking","FootFlex","Men","Walking","Knit","Black","Resistant","High",8.5,110.54,3.9,11.0,"Ottawa"
"STR-4268","StrideOne Flex Walking","StrideOne","Women","Walking","Synthetic","White","Resistant","Flat",10.0,84.52,4.9,17.0,"Ottawa"
"RUN-5281","RunXpress Flex Walking","RunXpress","Women","Walking","Synthetic","Black","Resistant","Flat",12.0,60.09,4.2,6.0,"Ottawa"
"RUN-6050","RunXpress Flex Walking","RunXpress","Women","Walking","Knit","Black","Waterproof","Flat",6.5,136.34,3.8,10.0,"Ottawa"
"LOO-8847","Loopic Ultra Running","Loopic","Men","Running","Synthetic","Black","Resistant","Flat",10.5,120.84,4.8,5.0,"Ottawa"
"STR-6351","StrideOne Ultra Running","StrideOne","Women","Running","Synthetic","White","Waterproof","Flat",11.0,144.69,4.6,18.0,"Ottawa"
"ZEN-2430","Zentrax Ultra Running","Zentrax","Women","Running","Synthetic","Black","Waterproof","Flat",9.5,149.21,3.8,19.0,"Ottawa"
"LOO-8630","Loopic X Running","Loopic","Men","Running","Synthetic","White","Waterproof","High",11.5,119.76,3.5,17.0,"Toronto"
"LOO-7234","Loopic Flex Running","Loopic","Women","Running","Knit","Black","Resistant","High",10.5,80.51,4.1,1.0,"Ottawa"
"STR-5688","StrideOne X Walking","StrideOne","Women","Walking","Knit","White","Resistant","High",8.5,101.74,4.2,19.0,"Toronto"
"FOO-5114","FootFlex Max Walking","FootFlex","Women","Walking","Knit","White","Resistant","Flat",8.5,144.54,4.3,6.0,"Ottawa"
"LOO-8837","Loopic Ultra Walking","Loopic","Men","Walking","Synthetic","Black","Resistant","High",12.5,86.34,4.2,9.0,"Ottawa"
"FOO-3647","FootFlex X Walking","FootFlex","Women","Walking","Knit","White","Waterproof","Flat",7.5,52.44,3.9,17.0,"Toronto"
"RUN-3109","RunXpress Pro Walking","RunXpress","Men","Walking","Synthetic","Black","Resistant","Flat",10.5,145.39,3.0,16.0,"Ottawa"
"LOO-5449","Loopic Flex Walking","Loopic","Women","Walking","Knit","Black","Waterproof","Flat",9.5,111.47,3.2,18.0,"Ottawa"
"LOO-8373","Loopic Flex Walking","Loopic","Women","Walking","Synthetic","Black","Waterproof","High",7.0,119.63,3.1,10.0,"Ottawa"
"ZEN-8696","Zentrax X Walking","Zentrax","Men","Walking","Knit","Black","Waterproof","High",9.0,60.29,4.2,13.0,"Ottawa"
"RUN-1100","RunXpress X Running","RunXpress","Men","Running","Knit","Black","Waterproof","Flat",8.0,145.29,4.5,10.0,"Ottawa"
"STR-1620","StrideOne Pro Walking","StrideOne","Women","Walking","Synthetic","Black","Waterproof","Flat",10.5,49.12,3.0,3.0,"Toronto"
"ZEN-8355","Zentrax X Running","Zentrax","Women","Running","Synthetic","Black","Waterproof","High",12.0,74.66,3.6,11.0,"Ottawa"
"FOO-5121","FootFlex Pro Walking","FootFlex","Women","Walking","Knit","White","Resistant","High",8.5,143.19,3.9,11.0,"Toronto"
"FOO-3835","FootFlex Ultra Running","FootFlex","Men","Running","Knit","Black","Waterproof","High",7.0,135.3,3.3,11.0,"Ottawa"
"LOO-1235","Loopic X Running","Loopic","Women","Running","Synthetic","White","Resistant","Flat",9.5,34.64,4.0,11.0,"Toronto"
"FOO-5295","FootFlex X Running","FootFlex","Men","Running","Knit","Black","Waterproof","Flat",10.0,139.64,4.9,2.0,"Toronto"
"RUN-9701","RunXpress X Walking","RunXpress","Women","Walking","Knit","Black","Waterproof","Flat",7.0,59.44,3.7,15.0,"Ottawa"
"RUN-6101","RunXpress Max Walking","RunXpress","Women","Walking","Knit","White","Waterproof","Flat",6.0,137.69,3.6,1.0,"Ottawa"
"STR-4361","StrideOne Flex Walking","StrideOne","Women","Walking","Synthetic","Black","Resistant","High",11.0,38.12,4.6,9.0,"Toronto"
"LOO-7498","Loopic Flex Walking","Loopic","Women","Walking","Knit","White","Resistant","Flat",7.5,95.56,3.5,16.0,"Ottawa"
"FOO-6784","FootFlex Max Walking","FootFlex","Men","Walking","Knit","Black","Resistant","High",12.5,44.63,4.6,3.0,"Toronto"
"FOO-6577","FootFlex X Walking","FootFlex","Men","Walking","Knit","Black","Resistant","High",9.0,116.24,4.9,3.0,"Toronto"
"ZEN-7487","Zentrax Ultra Running","Zentrax","Women","Running","Synthetic","White","Waterproof","High",10.5,57.99,3.7,3.0,"Toronto"
"ZEN-7619","Zentrax Flex Running","Zentrax","Women","Running","Knit","Black","Waterproof","Flat",11.5,34.69,4.2,16.0,"Ottawa"
"LOO-7375","Loopic Pro Running","Loopic","Women","Running","Knit","Black","Resistant","High",8.0,88.88,4.7,1.0,"Toronto"
"RUN-6822","RunXpress Pro Walking","RunXpress","Women","Walking","Knit","White","Waterproof","Flat",11.0,78.39,3.3,16.0,"Toronto"
"LOO-1941","Loopic Pro Walking","Loopic","Women","Walking","Synthetic","Black","Waterproof","Flat",7.5,95.97,4.5,16.0,"Toronto"
"LOO-9274","Loopic Ultra Running","Loopic","Women","Running","Synthetic","Black","Waterproof","Flat",11.0,65.73,4.5,19.0,"Ottawa"
"RUN-2965","RunXpress Pro Running","RunXpress","Women","Running","Synthetic","White","Waterproof","Flat",8.0,145.28,4.3,7.0,"Ottawa"
"STR-1271","StrideOne X Running","StrideOne","Men","Running","Knit","White","Resistant","Flat",10.5,107.78,3.6,15.0,"Ottawa"
"FOO-1003","FootFlex Ultra Walking","FootFlex","Women","Walking","Knit","Black","Waterproof","High",12.0,136.89,3.6,17.0,"Ottawa"
"ZEN-2914","Zentrax Ultra Walking","Zentrax","Women","Walking","Knit","White","Resistant","High",7.0,148.53,3.9,9.0,"Toronto"
"STR-7709","StrideOne Max Walking","StrideOne","Women","Walking","Synthetic","Black","Waterproof","High",6.0,123.93,4.4,17.0,"Ottawa"
"RUN-6886","RunXpress Pro Running","RunXpress","Women","Running","Synthetic","Black","Waterproof","High",8.5,117.71,4.6,10.0,"Toronto"
"RUN-7176","RunXpress X Running","RunXpress","Men","Running","Synthetic","White","Waterproof","Flat",10.0,98.13,3.6,1.0,"Ottawa"
"STR-9823","StrideOne Flex Running","StrideOne","Women","Running","Knit","White","Resistant","Flat",9.5,40.89,3.0,14.0,"Ottawa"
"LOO-8098","Loopic Ultra Walking","Loopic","Men","Walking","Synthetic","Black","Resistant","Flat",12.5,79.22,4.3,11.0,"Toronto"
"FOO-3043","FootFlex Max Walking","FootFlex","Men","Walking","Knit","White","Waterproof","Flat",6.5,57.73,3.2,20.0,"Toronto"
"FOO-6083","FootFlex Flex Walking","FootFlex","Men","Walking","Synthetic","Black","Waterproof","Flat",8.0,133.92,3.6,17.0,"Ottawa"
"LOO-2535","Loopic X Running","Loopic","Women","Running","Synthetic","Black","Waterproof","High",11.0,85.65,3.0,15.0,"Toronto"
"FOO-6731","FootFlex Flex Walking","FootFlex","Men","Walking","Synthetic","White","Resistant","High",6.0,58.74,3.5,17.0,"Toronto"
"ZEN-5804","Zentrax X Walking","Zentrax","Women","Walking","Synthetic","Black","Waterproof","Flat",12.0,68.48,3.1,5.0,"Toronto"
"ZEN-2314","Zentrax Pro Running","Zentrax","Men","Running","Synthetic","Black","Waterproof","High",9.5,149.4,4.7,18.0,"Toronto"
"LOO-2361","Loopic X Running","Loopic","Women","Running","Knit","White","Waterproof","High",6.5,71.01,4.9,18.0,"Toronto"
"RUN-4917","RunXpress Flex Walking","RunXpress","Women","Walking","Synthetic","Black","Resistant","High",8.5,49.37,4.3,13.0,"Ottawa"
"ZEN-7012","Zentrax Ultra Walking","Zentrax","Women","Walking","Synthetic","White","Waterproof","Flat",7.5,130.62,3.9,8.0,"Toronto"
"LOO-6689","Loopic X Walking","Loopic","Men","Walking","Synthetic","White","Waterproof","Flat",9.5,114.15,3.9,13.0,"Toronto"
"STR-1429","StrideOne Flex Walking","StrideOne","Men","Walking","Knit","White","Resistant","Flat",9.5,56.57,3.1,7.0,"Ottawa"
"FOO-2643","FootFlex X Walking","FootFlex","Women","Walking","Synthetic","Black","Waterproof","High",12.5,82.67,3.5,8.0,"Toronto"
"RUN-5994","RunXpress X Walking","RunXpress","Women","Walking","Synthetic","Black","Resistant","Flat",12.0,71.81,4.0,3.0,"Ottawa"
"ZEN-9833","Zentrax Ultra Walking","Zentrax","Women","Walking","Knit","Black","Waterproof","Flat",11.5,37.89,4.1,12.0,"Toronto"
"STR-8307","StrideOne Ultra Walking","StrideOne","Women","Walking","Knit","White","Resistant","Flat",12.0,90.18,3.0,6.0,"Ottawa"
"RUN-1724","RunXpress X Running","RunXpress","Men","Running","Synthetic","Black","Waterproof","High",9.5,102.79,4.7,17.0,"Ottawa"
"FOO-4825","FootFlex Max Running","FootFlex","Men","Running","Knit","Black","Resistant","High",8.5,109.89,3.8,19.0,"Toronto"
"ZEN-4558","Zentrax Max Running","Zentrax","Men","Running","Knit","Black","Waterproof","High",10.5,90.54,4.0,7.0,"Toronto"
"RUN-4467","RunXpress Ultra Walking","RunXpress","Women","Walking","Knit","White","Resistant","High",6.0,84.62,3.9,8.0,"Toronto"
"RUN-9392","RunXpress Max Walking","RunXpress","Men","Walking","Synthetic","White","Waterproof","Flat",12.5,45.7,4.6,12.0,"Ottawa"
"STR-5961","StrideOne X Running","StrideOne","Women","Running","Knit","Black","Waterproof","High",12.0,140.49,3.8,19.0,"Toronto"
"STR-6301","StrideOne Pro Running","StrideOne","Men","Running","Knit","White","Resistant","Flat",9.5,36.71,3.7,1.0,"Toronto"
"RUN-7409","RunXpress Flex Walking","RunXpress","Women","Walking","Knit","White","Resistant","Flat",8.0,83.68,3.6,12.0,"Ottawa"
"RUN-1850","RunXpress X Walking","RunXpress","Women","Walking","Knit","White","Resistant","Flat",8.0,31.96,4.2,6.0,"Toronto"
"LOO-4231","Loopic Flex Running","Loopic","Men","Running","Synthetic","Black","Waterproof","High",6.5,94.75,4.2,12.0,"Toronto"
"LOO-7891","Loopic Flex Running","Loopic","Women","Running","Knit","White","Resistant","High",9.0,121.89,4.6,3.0,"Ottawa"
"STR-6767","StrideOne Max Running","StrideOne","Women","Running","Knit","Black","Resistant","High",12.0,118.71,4.7,8.0,"Toronto"
"LOO-7093","Loopic Flex Running","Loopic","Women","Running","Knit","Black","Waterproof","High",10.5,114.72,3.9,11.0,"Ottawa"
"ZEN-8598","Zentrax Flex Running","Zentrax","Men","Running","Knit","White","Waterproof","High",10.5,54.4,4.7,4.0,"Ottawa"
"STR-3872","StrideOne Flex Running","StrideOne","Women","Running","Knit","White","Waterproof","High",7.0,102.86,3.6,4.0,"Ottawa"
"FOO-1123","FootFlex X Walking","FootFlex","Men","Walking","Synthetic","White","Waterproof","High",11.5,142.04,4.6,3.0,"Ottawa"
"STR-6119","StrideOne Flex Walking","StrideOne","Women","Walking","Knit","Black","Waterproof","Flat",6.5,86.63,3.4,9.0,"Ottawa"
"RUN-9624","RunXpress Flex Walking","RunXpress","Women","Walking","Synthetic","Black","Resistant","Flat",10.5,72.42,3.5,6.0,"Ottawa"
"LOO-3511","Loopic Flex Running","Loopic","Men","Running","Synthetic","White","Waterproof","High",9.5,49.97,4.9,20.0,"Ottawa"
"LOO-6832","Loopic Ultra Running","Loopic","Women","Running","Knit","Black","Waterproof","Flat",11.5,84.52,3.4,9.0,"Ottawa"
"LOO-2287","Loopic Flex Running","Loopic","Men","Running","Synthetic","White","Waterproof","Flat",7.5,33.24,3.4,3.0,"Toronto"
"STR-1924","StrideOne Flex Walking","StrideOne","Women","Walking","Knit","Black","Resistant","High",11.5,105.37,3.1,2.0,"Ottawa"
"LOO-8574","Loopic Flex Running","Loopic","Men","Running","Synthetic","Black","Resistant","High",11.0,45.84,3.9,14.0,"Ottawa"
"STR-4125","StrideOne Max Walking","StrideOne","Women","Walking","Synthetic","White","Waterproof","Flat",12.5,122.97,4.8,8.0,"Toronto"
"LOO-9137","Loopic Flex Walking","Loopic","Men","Walking","Synthetic","Black","Resistant","Flat",10.0,69.7,4.6,4.0,"Toronto"
"LOO-7493","Loopic Flex Running","Loopic","Women","Running","Knit","White","Waterproof","High",9.0,143.38,4.9,17.0,"Toronto"
"FOO-8891","FootFlex X Walking","FootFlex","Men","Walking","Synthetic","White","Waterproof","High",12.5,54.95,3.8,5.0,"Toronto"
"LOO-2930","Loopic Flex Running","Loopic","Men","Running","Knit","Black","Resistant","High",8.5,81.79,4.8,18.0,"Toronto"
"FOO-7388","FootFlex Max Running","FootFlex","Men","Running","Synthetic","White","Waterproof","High",10.5,73.94,4.0,11.0,"Toronto"
"FOO-2411","FootFlex Pro Running","FootFlex","Women","Running","Knit","Black","Resistant","Flat",8.0,129.48,3.2,12.0,"Toronto"
"FOO-7044","FootFlex Pro Running","FootFlex","Men","Running","Knit","White","Waterproof","Flat",11.5,107.32,3.9,18.0,"Ottawa"
"FOO-7361","FootFlex Pro Running","FootFlex","Men","Running","Synthetic","Black","Waterproof","High",12.0,83.21,4.8,10.0,"Ottawa"
"RUN-5905","RunXpress Flex Running","RunXpress","Women","Running","Knit","Black","Waterproof","High",7.5,74.91,4.3,3.0,"Toronto"
"FOO-2221","FootFlex Max Walking","FootFlex","Women","Walking","Knit","White","Waterproof","High",11.5,39.57,4.2,7.0,"Toronto"
"FOO-9607","FootFlex Max Running","FootFlex","Women","Running","Synthetic","White","Waterproof","High",11.5,98.87,4.7,13.0,"Toronto"
"STR-8769","StrideOne Pro Walking","StrideOne","Men","Walking","Synthetic","Black","Resistant","High",6.0,129.24,4.5,4.0,"Toronto"
"FOO-5312","FootFlex X Running","FootFlex","Women","Running","Synthetic","Black","Waterproof","High",12.5,135.55,4.1,7.0,"Ottawa"
"LOO-8973","Loopic Pro Running","Loopic","Women","Running","Knit","Black","Waterproof","Flat",6.5,59.1,3.6,16.0,"Ottawa"
"STR-7223","StrideOne Max Walking","StrideOne","Men","Walking","Synthetic","White","Resistant","High",12.0,130.03,3.9,8.0,"Toronto"
"FOO-1542","FootFlex Ultra Walking","FootFlex","Women","Walking","Synthetic","White","Waterproof","Flat",9.0,123.66,4.9,11.0,"Ottawa"
"STR-9795","StrideOne Pro Running","StrideOne","Men","Running","Synthetic","Black","Waterproof","Flat",12.5,66.65,3.6,4.0,"Toronto"
"RUN-3045","RunXpress Ultra Walking","RunXpress","Men","Walking","Synthetic","Black","Resistant","High",7.0,85.36,3.5,1.0,"Toronto"
"LOO-3892","Loopic Ultra Walking","Loopic","Women","Walking","Knit","White","Resistant","High",11.5,108.45,3.4,17.0,"Toronto"
"STR-2168","StrideOne Pro Running","StrideOne","Women","Running","Knit","White","Resistant","High",10.0,61.98,4.2,13.0,"Ottawa"
"ZEN-5521","Zentrax Ultra Walking","Zentrax","Women","Walking","Knit","Black","Resistant","High",6.5,51.39,4.1,17.0,"Ottawa"
"STR-3628","StrideOne X Running","StrideOne","Women","Running","Knit","White","Waterproof","High",12.0,91.29,3.3,20.0,"Ottawa"
"ZEN-8920","Zentrax Max Walking","Zentrax","Women","Walking","Knit","Black","Waterproof","High",9.5,83.53,4.6,4.0,"Ottawa"
"STR-2604","StrideOne X Running","StrideOne","Women","Running","Synthetic","Black","Waterproof","High",7.5,116.6,4.6,2.0,"Ottawa"
"RUN-8289","RunXpress Flex Walking","RunXpress","Women","Walking","Synthetic","White","Resistant","High",9.0,143.96,3.7,2.0,"Toronto"
"LOO-2882","Loopic X Walking","Loopic","Men","Walking","Knit","Black","Resistant","Flat",10.5,32.8,4.6,8.0,"Ottawa"
"LOO-7052","Loopic X Running","Loopic","Women","Running","Knit","White","Resistant","High",12.5,59.07,4.1,13.0,"Toronto"
"RUN-4134","RunXpress Max Running","RunXpress","Women","Running","Synthetic","Black","Waterproof","Flat",6.0,130.55,3.3,17.0,"Toronto"
"STR-8719","StrideOne X Running","StrideOne","Women","Running","Synthetic","White","Waterproof","Flat",11.5,43.66,4.2,14.0,"Toronto"
"ZEN-1896","Zentrax Flex Running","Zentrax","Men","Running","Knit","Black","Resistant","High",7.5,37.81,3.1,20.0,"Ottawa"
"FOO-3829","FootFlex Flex Walking","FootFlex","Women","Walking","Synthetic","Black","Resistant","High",10.0,58.05,3.5,3.0,"Ottawa"
"FOO-6682","FootFlex Pro Running","FootFlex","Men","Running","Synthetic","Black","Resistant","High",7.5,98.89,3.0,1.0,"Toronto"
"ZEN-2223","Zentrax Ultra Running","Zentrax","Men","Running","Synthetic","Black","Resistant","High",11.5,87.92,3.0,6.0,"Ottawa"
"LOO-9018","Loopic Flex Running","Loopic","Women","Running","Synthetic","White","Resistant","Flat",11.5,109.42,5.0,18.0,"Toronto"
"ZEN-4987","Zentrax Max Running","Zentrax","Women","Running","Knit","Black","Waterproof","Flat",6.0,30.35,4.4,16.0,"Ottawa"
"ZEN-3852","Zentrax Ultra Running","Zentrax","Men","Running","Knit","White","Resistant","High",9.0,75.02,3.9,10.0,"Ottawa"
"STR-9206","StrideOne Flex Walking","StrideOne","Men","Walking","Synthetic","Black","Waterproof","Flat",9.5,87.31,4.1,17.0,"Ottawa"
"FOO-7904","FootFlex Max Running","FootFlex","Women","Running","Knit","White","Waterproof","High",8.5,69.45,4.9,3.0,"Ottawa"
"ZEN-8824","Zentrax Max Walking","Zentrax","Men","Walking","Knit","White","Resistant","High",11.0,57.86,3.2,5.0,"Toronto"
"STR-4952","StrideOne Pro Running","StrideOne","Women","Running","Knit","White","Waterproof","High",11.0,34.58,3.1,7.0,"Ottawa"
"ZEN-2661","Zentrax Max Walking","Zentrax","Women","Walking","Knit","White","Waterproof","Flat",8.5,62.32,5.0,5.0,"Toronto"
"RUN-5952","RunXpress Ultra Walking","RunXpress","Men","Walking","Knit","Black","Resistant","Flat",7.0,131.56,3.8,7.0,"Ottawa"
"ZEN-5757","Zentrax X Walking","Zentrax","Men","Walking","Synthetic","White","Resistant","Flat",6.0,107.2,3.8,5.0,"Toronto"
"STR-8713","StrideOne Pro Running","StrideOne","Men","Running","Knit","Black","Resistant","High",11.5,82.93,3.3,18.0,"Ottawa"
"RUN-1871","RunXpress Pro Walking","RunXpress","Women","Walking","Synthetic","Black","Waterproof","Flat",7.5,36.25,3.4,7.0,"Toronto"
"FOO-5614","FootFlex Max Running","FootFlex","Men","Running","Synthetic","White","Waterproof","High",6.5,113.67,3.4,2.0,"Ottawa"
"FOO-7333","FootFlex Ultra Walking","FootFlex","Women","Walking","Knit","Black","Waterproof","High",8.5,115.31,3.1,17.0,"Toronto"
"ZEN-5034","Zentrax Ultra Walking","Zentrax","Men","Walking","Synthetic","White","Waterproof","High",11.5,132.04,3.1,7.0,"Ottawa"
"LOO-6151","Loopic Max Walking","Loopic","Men","Walking","Knit","Black","Waterproof","Flat",6.0,90.2,4.8,14.0,"Toronto"
"LOO-7442","Loopic Pro Running","Loopic","Women","Running","Knit","Black","Resistant","High",11.0,110.92,3.1,16.0,"Toronto"
"ZEN-5591","Zentrax X Walking","Zentrax","Men","Walking","Synthetic","Black","Waterproof","High",10.0,149.95,4.0,20.0,"Toronto"
"STR-4214","StrideOne Flex Running","StrideOne","Women","Running","Knit","White","Resistant","Flat",12.0,59.69,3.7,7.0,"Ottawa"
"LOO-3139","Loopic Max Running","Loopic","Men","Running","Synthetic","Black","Resistant","Flat",10.0,54.58,3.3,2.0,"Ottawa"
"ZEN-1476","Zentrax Pro Running","Zentrax","Men","Running","Synthetic","White","Waterproof","Flat",9.5,86.8,4.5,20.0,"Ottawa"
"FOO-7997","FootFlex Pro Running","FootFlex","Women","Running","Knit","Black","Waterproof","Flat",9.5,83.86,5.0,8.0,"Ottawa"
"ZEN-9378","Zentrax Pro Walking","Zentrax","Men","Walking","Knit","White","Waterproof","Flat",9.0,87.7,3.1,11.0,"Toronto"
"FOO-6135","FootFlex Pro Running","FootFlex","Women","Running","Synthetic","Black","Waterproof","Flat",6.0,141.67,3.6,10.0,"Ottawa"
"STR-4957","StrideOne X Walking","StrideOne","Women","Walking","Synthetic","Black","Waterproof","High",8.0,45.17,4.2,15.0,"Ottawa"
"STR-8755","StrideOne Pro Walking","StrideOne","Men","Walking","Synthetic","Black","Waterproof","High",8.0,78.77,3.2,16.0,"Toronto"
"ZEN-7108","Zentrax Ultra Running","Zentrax","Women","Running","Synthetic","White","Waterproof","Flat",10.5,63.2,4.6,3.0,"Ottawa"
"RUN-7792","RunXpress Max Running","RunXpress","Women","Running","Knit","Black","Resistant","High",10.0,144.59,4.5,11.0,"Toronto"
"ZEN-6602","Zentrax Flex Running","Zentrax","Women","Running","Knit","Black","Resistant","Flat",6.5,101.12,3.1,7.0,"Ottawa"
"STR-2196","StrideOne Ultra Running","StrideOne","Men","Running","Knit","White","Resistant","High",12.0,145.57,3.7,7.0,"Toronto"
"STR-7869","StrideOne Flex Running","StrideOne","Men","Running","Knit","White","Resistant","Flat",10.5,133.15,3.2,12.0,"Ottawa"
"STR-8206","StrideOne Ultra Running","StrideOne","Women","Running","Synthetic","Black","Waterproof","Flat",11.5,77.59,4.5,2.0,"Ottawa"
"RUN-6756","RunXpress Ultra Running","RunXpress","Men","Running","Knit","White","Resistant","Flat",8.5,30.88,4.5,1.0,"Ottawa"
"LOO-8207","Loopic Pro Running","Loopic","Men","Running","Synthetic","Black","Resistant","High",7.0,43.19,3.9,16.0,"Ottawa"
"LOO-4668","Loopic Max Walking","Loopic","Women","Walking","Knit","Black","Resistant","Flat",8.0,89.27,4.1,11.0,"Toronto"
"FOO-3900","FootFlex Pro Walking","FootFlex","Women","Walking","Synthetic","Black","Resistant","Flat",10.5,114.77,4.8,19.0,"Ottawa"
"RUN-6437","RunXpress Pro Walking","RunXpress","Men","Walking","Knit","White","Waterproof","Flat",9.0,146.9,4.1,2.0,"Ottawa"
"FOO-5781","FootFlex X Running","FootFlex","Men","Running","Knit","Black","Waterproof","Flat",10.5,116.79,5.0,16.0,"Toronto"
"STR-9524","StrideOne Flex Walking","StrideOne","Women","Walking","Knit","White","Resistant","Flat",12.0,40.03,4.1,13.0,"Toronto"
"LOO-8429","Loopic Flex Running","Loopic","Women","Running","Synthetic","Black","Waterproof","High",8.0,116.4,4.8,13.0,"Toronto"
"ZEN-6506","Zentrax X Walking","Zentrax","Women","Walking","Synthetic","Black","Waterproof","High",7.0,104.17,4.9,7.0,"Ottawa"
"STR-6980","StrideOne Flex Walking","StrideOne","Women","Walking","Synthetic","Black","Waterproof","Flat",6.0,67.83,4.9,12.0,"Toronto"
"LOO-8037","Loopic Flex Running","Loopic","Men","Running","Knit","Black","Waterproof","High",9.0,38.79,4.6,7.0,"Toronto"
"STR-4702","StrideOne Max Running","StrideOne","Women","Running","Knit","Black","Waterproof","High",6.5,110.25,3.6,15.0,"Ottawa"
"STR-8523","StrideOne Flex Running","StrideOne","Women","Running","Knit","Black","Waterproof","High",7.5,99.69,3.8,19.0,"Toronto"
"STR-3167","StrideOne X Walking","StrideOne","Women","Walking","Synthetic","Black","Resistant","High",7.5,85.83,4.1,7.0,"Ottawa"
"LOO-9572","Loopic Max Walking","Loopic","Men","Walking","Knit","White","Resistant","High",8.5,36.52,4.1,15.0,"Ottawa"
"FOO-1749","FootFlex Max Walking","FootFlex","Women","Walking","Synthetic","Black","Waterproof","Flat",7.5,145.9,4.0,18.0,"Toronto"
"FOO-2168","FootFlex Max Running","FootFlex","Women","Running","Synthetic","Black","Waterproof","Flat",10.0,132.09,4.8,2.0,"Ottawa"
"ZEN-9790","Zentrax X Walking","Zentrax","Women","Walking","Synthetic","Black","Waterproof","Flat",8.0,35.14,4.4,12.0,"Ottawa"
"LOO-3212","Loopic Pro Walking","Loopic","Women","Walking","Knit","White","Resistant","Flat",7.5,134.9,4.0,14.0,"Ottawa"
"LOO-9495","Loopic Flex Running","Loopic","Women","Running","Knit","Black","Waterproof","Flat",11.5,94.81,3.6,6.0,"Ottawa"
"RUN-9592","RunXpress Ultra Walking","RunXpress","Women","Walking","Knit","White","Waterproof","Flat",8.0,116.31,4.3,9.0,"Toronto"
"LOO-3771","Loopic Max Walking","Loopic","Women","Walking","Synthetic","White","Waterproof","High",9.0,32.3,3.9,17.0,"Ottawa"
"ZEN-3115","Zentrax Max Running","Zentrax","Women","Running","Synthetic","White","Waterproof","High",6.5,43.91,4.0,16.0,"Ottawa"
"FOO-4856","FootFlex Max Walking","FootFlex","Women","Walking","Knit","White","Resistant","Flat",8.0,42.37,4.2,18.0,"Toronto"
"ZEN-9430","Zentrax Flex Running","Zentrax","Women","Running","Knit","Black","Waterproof","High",8.5,74.83,3.4,10.0,"Toronto"
"ZEN-1394","Zentrax X Walking","Zentrax","Women","Walking","Synthetic","Black","Waterproof","Flat",6.0,110.87,4.5,10.0,"Toronto"
"FOO-8283","FootFlex Max Running","FootFlex","Men","Running","Synthetic","White","Resistant","High",12.0,115.62,4.8,13.0,"Ottawa"
"ZEN-4671","Zentrax Max Walking","Zentrax","Women","Walking","Knit","White","Resistant","Flat",9.0,99.44,4.6,4.0,"Ottawa"
"FOO-6108","FootFlex Max Walking","FootFlex","Women","Walking","Knit","Black","Resistant","High",6.0,88.89,3.8,4.0,"Toronto"
"RUN-7214","RunXpress X Running","RunXpress","Men","Running","Synthetic","White","Resistant","High",7.5,134.12,4.8,17.0,"Ottawa"
"LOO-5823","Loopic Pro Walking","Loopic","Men","Walking","Knit","Black","Resistant","Flat",6.5,131.7,4.9,3.0,"Toronto"
"RUN-1052","RunXpress Pro Running","RunXpress","Women","Running","Synthetic","Black","Waterproof","High",7.0,33.12,3.6,1.0,"Toronto"
"FOO-5327","FootFlex X Walking","FootFlex","Women","Walking","Knit","White","Resistant","High",11.5,91.81,4.0,9.0,"Ottawa"
"RUN-9489","RunXpress X Running","RunXpress","Women","Running","Synthetic","Black","Waterproof","Flat",8.0,41.1,3.9,9.0,"Toronto"
"LOO-7702","Loopic Ultra Walking","Loopic","Men","Walking","Synthetic","White","Resistant","Flat",6.5,105.37,3.1,20.0,"Ottawa"
"LOO-8403","Loopic Flex Walking","Loopic","Men","Walking","Synthetic","White","Waterproof","High",11.5,105.86,4.0,13.0,"Toronto"
"LOO-2887","Loopic Ultra Running","Loopic","Women","Running","Synthetic","Black","Waterproof","Flat",7.0,108.84,4.2,20.0,"Toronto"
"STR-9714","StrideOne X Running","StrideOne","Men","Running","Synthetic","Black","Waterproof","High",8.0,70.12,3.9,1.0,"Ottawa"
"ZEN-4672","Zentrax Pro Running","Zentrax","Men","Running","Synthetic","Black","Resistant","Flat",9.5,116.79,4.3,11.0,"Ottawa"
"ZEN-2732","Zentrax Flex Walking","Zentrax","Women","Walking","Knit","White","Waterproof","High",8.0,73.57,4.4,7.0,"Ottawa"
"STR-1686","StrideOne Pro Running","StrideOne","Men","Running","Knit","White","Waterproof","Flat",11.5,89.78,3.5,12.0,"Toronto"
"RUN-9738","RunXpress Pro Running","RunXpress","Men","Running","Synthetic","White","Resistant","High",12.0,93.66,3.1,16.0,"Ottawa"
"ZEN-3523","Zentrax Max Walking","Zentrax","Men","Walking","Synthetic","Black","Resistant","High",7.5,62.27,4.8,10.0,"Toronto"
"ZEN-5643","Zentrax Pro Running","Zentrax","Women","Running","Knit","White","Waterproof","Flat",7.0,145.73,4.2,11.0,"Toronto"
"FOO-5279","FootFlex Max Walking","FootFlex","Men","Walking","Knit","Black","Resistant","Flat",10.0,120.82,3.9,4.0,"Ottawa"
"ZEN-8141","Zentrax Ultra Running","Zentrax","Men","Running","Knit","White","Resistant","High",10.5,67.79,5.0,4.0,"Ottawa"
"FOO-1442","FootFlex X Running","FootFlex","Men","Running","Knit","Black","Waterproof","Flat",6.0,85.77,3.0,3.0,"Toronto"
"FOO-2880","FootFlex Flex Running","FootFlex","Men","Running","Knit","White","Resistant","High",12.0,62.22,3.1,4.0,"Ottawa"
"RUN-4254","RunXpress Pro Walking","RunXpress","Women","Walking","Synthetic","Black","Waterproof","Flat",6.0,120.26,4.7,1.0,"Toronto"
"FOO-6221","FootFlex X Running","FootFlex","Men","Running","Synthetic","White","Waterproof","Flat",12.5,126.03,3.2,13.0,"Toronto"
"RUN-2623","RunXpress Ultra Running","RunXpress","Men","Running","Synthetic","Black","Waterproof","Flat",10.0,95.44,3.7,20.0,"Toronto"
"STR-1861","StrideOne Max Walking","StrideOne","Women","Walking","Knit","White","Resistant","High",11.0,52.77,3.3,18.0,"Ottawa"
"STR-2007","StrideOne Ultra Running","StrideOne","Men","Running","Synthetic","White","Waterproof","Flat",10.0,85.8,4.2,1.0,"Ottawa"
"LOO-4374","Loopic X Running","Loopic","Men","Running","Knit","Black","Resistant","High",6.5,43.24,4.8,20.0,"Ottawa"
"LOO-2510","Loopic Pro Walking","Loopic","Women","Walking","Synthetic","Black","Resistant","Flat",7.5,134.24,3.1,4.0,"Ottawa"
"ZEN-5461","Zentrax X Walking","Zentrax","Women","Walking","Knit","White","Waterproof","High",12.0,85.52,3.1,14.0,"Ottawa"
"LOO-3060","Loopic X Walking","Loopic","Men","Walking","Synthetic","White","Waterproof","Flat",10.5,82.3,3.8,15.0,"Ottawa"
"ZEN-5619","Zentrax Max Running","Zentrax","Women","Running","Knit","Black","Resistant","Flat",7.5,121.12,3.4,17.0,"Toronto"
"FOO-8691","FootFlex Ultra Running","FootFlex","Men","Running","Knit","Black","Resistant","High",11.0,139.2,3.3,18.0,"Toronto"
"FOO-1296","FootFlex Ultra Walking","FootFlex","Women","Walking","Knit","Black","Resistant","High",7.5,98.86,3.7,19.0,"Ottawa"
"RUN-9780","RunXpress Flex Walking","RunXpress","Men","Walking","Synthetic","Black","Waterproof","High",9.0,84.59,3.8,4.0,"Toronto"
"ZEN-1721","Zentrax Flex Walking","Zentrax","Women","Walking","Knit","White","Waterproof","Flat",10.0,49.74,3.7,7.0,"Toronto"
"RUN-4764","RunXpress Ultra Walking","RunXpress","Women","Walking","Knit","White","Waterproof","Flat",12.0,149.37,3.6,20.0,"Ottawa"
"STR-2222","StrideOne Flex Running","StrideOne","Women","Running","Synthetic","Black","Waterproof","Flat",11.0,109.56,4.2,15.0,"Ottawa"
"FOO-7412","FootFlex Ultra Running","FootFlex","Men","Running","Knit","Black","Waterproof","High",10.5,66.71,3.1,4.0,"Ottawa"
"RUN-6105","RunXpress Max Running","RunXpress","Women","Running","Knit","Black","Waterproof","Flat",6.0,86.56,3.4,15.0,"Ottawa"
"STR-5687","StrideOne Pro Running","StrideOne","Women","Running","Synthetic","White","Resistant","Flat",8.5,128.97,4.5,8.0,"Ottawa"
"RUN-4646","RunXpress Flex Walking","RunXpress","Men","Walking","Knit","Black","Resistant","High",7.5,72.17,3.8,11.0,"Toronto"
"STR-1680","StrideOne Ultra Running","StrideOne","Women","Running","Knit","Black","Waterproof","Flat",11.5,78.1,4.1,10.0,"Toronto"
"RUN-2517","RunXpress Max Running","RunXpress","Women","Running","Synthetic","Black","Resistant","High",11.5,50.74,3.7,14.0,"Toronto"
"STR-8082","StrideOne Max Walking","StrideOne","Men","Walking","Knit","Black","Waterproof","High",8.0,98.79,3.5,7.0,"Ottawa"
"RUN-3491","RunXpress Flex Running","RunXpress","Women","Running","Knit","Black","Waterproof","High",10.5,93.29,4.8,8.0,"Toronto"
"RUN-5502","RunXpress X Running","RunXpress","Women","Running","Knit","White","Resistant","Flat",10.0,49.2,4.2,14.0,"Ottawa"
"LOO-7262","Loopic Ultra Running","Loopic","Women","Running","Synthetic","White","Resistant","High",10.5,104.11,3.2,2.0,"Toronto"
"RUN-5947","RunXpress Ultra Walking","RunXpress","Women","Walking","Knit","Black","Resistant","Flat",10.5,85.7,3.8,3.0,"Ottawa"
"STR-6848","StrideOne X Walking","StrideOne","Men","Walking","Synthetic","White","Resistant","Flat",8.0,44.24,3.2,18.0,"Ottawa"
"LOO-6999","Loopic X Walking","Loopic","Women","Walking","Knit","White","Waterproof","Flat",7.0,79.73,4.4,7.0,"Toronto"
"FOO-2851","FootFlex Pro Walking","FootFlex","Men","Walking","Knit","White","Resistant","High",12.5,111.01,4.0,6.0,"Toronto"
"FOO-3321","FootFlex Max Walking","FootFlex","Women","Walking","Synthetic","Black","Waterproof","Flat",10.5,35.04,3.8,12.0,"Ottawa"
"FOO-2839","FootFlex Flex Running","FootFlex","Men","Running","Synthetic","Black","Resistant","High",6.5,127.31,4.1,11.0,"Toronto"
"FOO-8562","FootFlex Max Walking","FootFlex","Women","Walking","Knit","White","Waterproof","High",11.0,40.52,4.7,17.0,"Ottawa"
"STR-5807","StrideOne Max Walking","StrideOne","Women","Walking","Synthetic","White","Waterproof","High",11.5,42.19,3.4,10.0,"Toronto"
"FOO-8788","FootFlex Ultra Walking","FootFlex","Men","Walking","Synthetic","White","Resistant","High",10.0,130.74,3.9,4.0,"Ottawa"
"STR-3546","StrideOne X Running","StrideOne","Women","Running","Knit","Black","Resistant","High",7.5,37.07,3.1,2.0,"Ottawa"
"FOO-6762","FootFlex Pro Running","FootFlex","Men","Running","Synthetic","White","Waterproof","High",6.0,125.49,4.1,12.0,"Toronto"
"ZEN-1683","Zentrax Ultra Walking","Zentrax","Men","Walking","Synthetic","White","Resistant","Flat",9.5,144.14,3.1,6.0,"Toronto"
"ZEN-5926","Zentrax Max Running","Zentrax","Women","Running","Synthetic","White","Waterproof","Flat",12.0,147.82,4.6,18.0,"Ottawa"
"ZEN-4160","Zentrax Flex Walking","Zentrax","Men","Walking","Knit","Black","Waterproof","Flat",8.0,44.52,4.2,17.0,"Ottawa"
"STR-4757","StrideOne Flex Walking","StrideOne","Men","Walking","Synthetic","Black","Waterproof","Flat",12.5,102.2,4.9,14.0,"Toronto"
"LOO-8328","Loopic Pro Walking","Loopic","Men","Walking","Synthetic","White","Resistant","High",10.0,105.38,3.6,7.0,"Ottawa"
"FOO-6140","FootFlex Ultra Running","FootFlex","Women","Running","Synthetic","Black","Resistant","High",8.5,75.66,3.2,15.0,"Toronto"
"ZEN-9927","Zentrax Flex Walking","Zentrax","Women","Walking","Synthetic","Black","Waterproof","High",9.0,67.27,3.4,4.0,"Toronto"
"RUN-9606","RunXpress Max Running","RunXpress","Men","Running","Knit","Black","Resistant","Flat",7.0,59.23,4.2,2.0,"Ottawa"
"RUN-1606","RunXpress Ultra Running","RunXpress","Women","Running","Synthetic","White","Waterproof","High",12.5,107.3,4.6,14.0,"Ottawa"
"STR-1063","StrideOne Pro Walking","StrideOne","Men","Walking","Synthetic","Black","Waterproof","High",6.5,89.09,3.1,19.0,"Toronto"
"STR-2788","StrideOne Pro Walking","StrideOne","Men","Walking","Synthetic","White","Resistant","Flat",6.0,100.94,3.4,18.0,"Ottawa"
"STR-1257","StrideOne Ultra Running","StrideOne","Men","Running","Knit","Black","Waterproof","Flat",11.0,96.55,3.4,18.0,"Ottawa"
"RUN-6084","RunXpress Ultra Running","RunXpress","Men","Running","Synthetic","White","Resistant","High",9.5,72.43,3.6,19.0,"Toronto"
"LOO-4473","Loopic Ultra Running","Loopic","Men","Running","Knit","White","Resistant","Flat",7.5,113.77,3.8,12.0,"Ottawa"
"LOO-6583","Loopic Flex Walking","Loopic","Women","Walking","Synthetic","Black","Resistant","High",10.5,45.17,4.7,3.0,"Toronto"
"STR-5704","StrideOne Max Running","StrideOne","Women","Running","Knit","Black","Resistant","Flat",7.0,95.85,4.2,5.0,"Toronto"
"ZEN-1117","Zentrax Ultra Walking","Zentrax","Men","Walking","Knit","White","Waterproof","Flat",7.0,143.48,3.1,12.0,"Ottawa"
"LOO-7456","Loopic Flex Running","Loopic","Women","Running","Synthetic","Black","Waterproof","Flat",11.5,76.99,4.7,11.0,"Toronto"
"ZEN-8887","Zentrax Flex Walking","Zentrax","Women","Walking","Synthetic","Black","Waterproof","Flat",11.5,107.51,3.2,17.0,"Toronto"
"LOO-5545","Loopic Max Running","Loopic","Women","Running","Synthetic","White","Resistant","High",9.5,135.51,4.3,6.0,"Ottawa"
"RUN-9225","RunXpress Flex Walking","RunXpress","Men","Walking","Knit","White","Resistant","Flat",6.5,129.61,4.7,5.0,"Toronto"
"LOO-2857","Loopic X Running","Loopic","Women","Running","Knit","Black","Resistant","Flat",11.0,134.71,4.3,2.0,"Toronto"
"ZEN-5899","Zentrax Ultra Walking","Zentrax","Women","Walking","Knit","White","Waterproof","High",8.5,72.39,3.7,18.0,"Toronto"
"RUN-3963","RunXpress Pro Walking","RunXpress","Women","Walking","Synthetic","White","Waterproof","Flat",10.0,92.32,5.0,12.0,"Ottawa"
"ZEN-3257","Zentrax Ultra Walking","Zentrax","Women","Walking","Knit","White","Resistant","High",11.5,76.18,5.0,8.0,"Toronto"
"LOO-5617","Loopic Ultra Walking","Loopic","Men","Walking","Knit","White","Resistant","Flat",7.5,145.26,4.5,15.0,"Ottawa"
"RUN-2385","RunXpress Ultra Walking","RunXpress","Women","Walking","Knit","White","Resistant","Flat",8.5,60.82,4.1,20.0,"Toronto"
"ZEN-2766","Zentrax X Walking","Zentrax","Men","Walking","Knit","Black","Waterproof","Flat",7.5,49.11,3.8,13.0,"Toronto"
"FOO-8028","FootFlex Ultra Walking","FootFlex","Women","Walking","Synthetic","Black","Waterproof","Flat",9.5,38.51,4.8,18.0,"Ottawa"
"LOO-2529","Loopic X Walking","Loopic","Men","Walking","Synthetic","Black","Resistant","Flat",12.0,115.3,4.3,18.0,"Ottawa"
"LOO-1332","Loopic Ultra Walking","Loopic","Men","Walking","Synthetic","Black","Waterproof","High",10.0,63.04,3.1,9.0,"Toronto"
"RUN-6269","RunXpress Max Walking","RunXpress","Women","Walking","Synthetic","Black","Resistant","High",7.0,77.84,4.8,6.0,"Toronto"
"RUN-1111","RunXpress Ultra Running","RunXpress","Men","Running","Knit","Black","Waterproof","High",6.5,40.62,3.7,3.0,"Ottawa"
"FOO-2225","FootFlex Flex Walking","FootFlex","Women","Walking","Knit","Black","Resistant","High",6.0,80.2,3.0,1.0,"Ottawa"
"FOO-1395","FootFlex Pro Running","FootFlex","Women","Running","Synthetic","Black","Waterproof","Flat",12.0,43.43,4.0,8.0,"Toronto"
"ZEN-7091","Zentrax Max Walking","Zentrax","Women","Walking","Synthetic","White","Resistant","High",9.5,95.25,3.4,16.0,"Toronto"
"LOO-7590","Loopic X Walking","Loopic","Men","Walking","Knit","White","Resistant","High",9.5,94.08,3.9,2.0,"Ottawa"
"FOO-7018","FootFlex Max Running","FootFlex","Men","Running","Knit","White","Resistant","High",6.0,70.77,3.9,3.0,"Toronto"
"FOO-5338","FootFlex Max Walking","FootFlex","Men","Walking","Synthetic","Black","Waterproof","High",9.5,99.62,4.7,16.0,"Ottawa"
"LOO-8404","Loopic Max Walking","Loopic","Men","Walking","Synthetic","White","Waterproof","High",12.5,133.73,4.4,12.0,"Toronto"
"ZEN-7902","Zentrax Max Running","Zentrax","Men","Running","Knit","Black","Waterproof","High",7.5,49.0,3.8,17.0,"Ottawa"
"FOO-4293","FootFlex X Running","FootFlex","Men","Running","Knit","White","Waterproof","Flat",10.0,43.32,3.9,4.0,"Toronto"
"ZEN-9279","Zentrax X Running","Zentrax","Women","Running","Synthetic","Black","Resistant","High",11.0,77.88,4.0,17.0,"Toronto"
"LOO-8428","Loopic Pro Running","Loopic","Women","Running","Knit","Black","Resistant","High",7.5,106.71,4.3,14.0,"Toronto"
"FOO-1631","FootFlex Max Walking","FootFlex","Men","Walking","Synthetic","White","Resistant","High",11.5,30.11,4.8,9.0,"Toronto"
"LOO-4817","Loopic Max Running","Loopic","Men","Running","Synthetic","Black","Resistant","High",10.0,85.84,4.2,3.0,"Toronto"
"ZEN-7371","Zentrax Ultra Running","Zentrax","Men","Running","Knit","White","Resistant","High",7.0,86.57,4.0,7.0,"Ottawa"
"STR-5270","StrideOne Pro Running","StrideOne","Men","Running","Knit","White","Waterproof","Flat",7.5,86.5,3.2,19.0,"Toronto"
"RUN-7740","RunXpress X Walking","RunXpress","Women","Walking","Synthetic","Black","Resistant","Flat",9.5,104.41,3.1,7.0,"Ottawa"
"ZEN-6322","Zentrax Pro Walking","Zentrax","Men","Walking","Knit","Black","Resistant","Flat",12.0,92.27,4.1,18.0,"Ottawa"
"FOO-6251","FootFlex Ultra Walking","FootFlex","Women","Walking","Knit","Black","Waterproof","Flat",12.0,64.17,4.5,5.0,"Toronto"
"ZEN-7649","Zentrax Max Running","Zentrax","Women","Running","Synthetic","Black","Waterproof","Flat",10.5,31.8,4.7,12.0,"Ottawa"
"STR-2714","StrideOne Ultra Walking","StrideOne","Women","Walking","Knit","Black","Waterproof","Flat",8.5,130.37,4.5,11.0,"Toronto"
"STR-1034","StrideOne Ultra Running","StrideOne","Women","Running","Knit","Black","Resistant","Flat",7.5,76.72,3.7,5.0,"Toronto"
"FOO-8205","FootFlex Pro Walking","FootFlex","Women","Walking","Synthetic","Black","Resistant","High",12.0,148.27,4.1,8.0,"Ottawa"
"FOO-3161","FootFlex Max Walking","FootFlex","Men","Walking","Knit","Black","Waterproof","High",10.0,131.21,3.7,16.0,"Toronto"
"LOO-2986","Loopic Flex Running","Loopic","Men","Running","Knit","Black","Resistant","Flat",8.0,104.2,3.7,5.0,"Toronto"
"FOO-7893","FootFlex Flex Walking","FootFlex","Men","Walking","Synthetic","White","Waterproof","High",8.0,95.01,4.8,11.0,"Toronto"
"LOO-4931","Loopic Flex Running","Loopic","Men","Running","Knit","Black","Resistant","High",11.5,79.63,4.6,5.0,"Toronto"
"ZEN-9812","Zentrax Max Walking","Zentrax","Men","Walking","Synthetic","White","Resistant","Flat",12.5,122.36,3.3,3.0,"Toronto"
"LOO-3851","Loopic X Running","Loopic","Women","Running","Knit","Black","Resistant","Flat",9.5,37.18,4.5,15.0,"Toronto"
"ZEN-4637","Zentrax X Walking","Zentrax","Men","Walking","Knit","White","Resistant","Flat",7.0,126.29,4.9,13.0,"Toronto"
"STR-3770","StrideOne X Running","StrideOne","Women","Running","Synthetic","White","Resistant","Flat",7.5,57.42,4.8,14.0,"Ottawa"
"RUN-3651","RunXpress X Walking","RunXpress","Women","Walking","Knit","White","Waterproof","High",12.5,135.3,3.1,13.0,"Ottawa"
"ZEN-7672","Zentrax Max Walking","Zentrax","Women","Walking","Knit","White","Waterproof","High",6.0,50.51,4.1,4.0,"Ottawa"
"LOO-9760","Loopic Pro Running","Loopic","Women","Running","Knit","Black","Resistant","High",12.0,83.1,4.9,3.0,"Toronto"
"ZEN-1263","Zentrax Pro Walking","Zentrax","Women","Walking","Knit","White","Waterproof","High",7.5,92.89,3.2,8.0,"Ottawa"
"FOO-1036","FootFlex Ultra Running","FootFlex","Men","Running","Knit","White","Waterproof","Flat",8.0,139.46,3.2,13.0,"Toronto"
"ZEN-4837","Zentrax Pro Walking","Zentrax","Men","Walking","Knit","Black","Waterproof","Flat",6.5,106.88,4.3,4.0,"Toronto"
"STR-3065","StrideOne Pro Walking","StrideOne","Men","Walking","Synthetic","Black","Resistant","High",12.5,68.92,3.9,8.0,"Toronto"
"RUN-8325","RunXpress Flex Walking","RunXpress","Men","Walking","Synthetic","Black","Resistant","High",12.0,58.56,3.8,11.0,"Ottawa"
"STR-2507","StrideOne Max Running","StrideOne","Men","Running","Synthetic","White","Waterproof","High",12.0,123.49,4.5,2.0,"Toronto"
"STR-8411","StrideOne Max Walking","StrideOne","Women","Walking","Knit","White","Resistant","High",7.0,52.41,4.1,18.0,"Ottawa"
"LOO-2329","Loopic X Walking","Loopic","Men","Walking","Synthetic","Black","Waterproof","Flat",6.5,71.69,3.2,7.0,"Ottawa"
"ZEN-3154","Zentrax X Walking","Zentrax","Women","Walking","Synthetic","White","Resistant","Flat",12.5,61.63,4.3,5.0,"Ottawa"
"ZEN-7258","Zentrax Pro Running","Zentrax","Women","Running","Synthetic","White","Resistant","High",6.0,120.45,3.4,10.0,"Ottawa"
"STR-9096","StrideOne X Running","StrideOne","Women","Running","Knit","Black","Waterproof","Flat",12.0,65.21,3.7,20.0,"Ottawa"
"ZEN-5384","Zentrax X Walking","Zentrax","Men","Walking","Synthetic","Black","Waterproof","High",8.0,52.54,4.0,2.0,"Toronto"
"ZEN-1941","Zentrax X Running","Zentrax","Women","Running","Knit","White","Waterproof","Flat",6.0,110.79,3.6,6.0,"Toronto"
"RUN-8691","RunXpress Max Walking","RunXpress","Women","Walking","Knit","White","Waterproof","Flat",7.0,86.17,3.3,9.0,"Toronto"
"FOO-9988","FootFlex X Running","FootFlex","Women","Running","Knit","White","Waterproof","Flat",12.5,83.08,4.3,20.0,"Ottawa"
"STR-5534","StrideOne X Running","StrideOne","Women","Running","Knit","Black","Resistant","Flat",9.5,140.21,4.5,2.0,"Toronto"
"ZEN-7549","Zentrax X Running","Zentrax","Men","Running","Synthetic","White","Waterproof","Flat",12.5,139.62,4.0,14.0,"Ottawa"
"RUN-4057","RunXpress Ultra Running","RunXpress","Men","Running","Knit","Black","Resistant","High",10.5,95.05,4.4,15.0,"Ottawa"
"STR-3839","StrideOne Ultra Running","StrideOne","Women","Running","Knit","White","Waterproof","Flat",7.5,51.48,3.7,11.0,"Ottawa"
"RUN-7193","RunXpress Ultra Walking","RunXpress","Women","Walking","Synthetic","Black","Waterproof","Flat",11.5,40.52,4.1,17.0,"Ottawa"
"RUN-8877","RunXpress Max Running","RunXpress","Men","Running","Synthetic","White","Waterproof","High",10.5,147.02,3.0,18.0,"Ottawa"
"STR-1863","StrideOne X Running","StrideOne","Women","Running","Synthetic","White","Resistant","High",10.0,124.58,4.8,1.0,"Toronto"
"ZEN-3760","Zentrax Flex Walking","Zentrax","Women","Walking","Knit","White","Resistant","Flat",6.5,129.72,3.3,14.0,"Toronto"
"FOO-8029","FootFlex Ultra Running","FootFlex","Women","Running","Synthetic","White","Resistant","Flat",12.5,108.57,4.2,8.0,"Toronto"
"LOO-4657","Loopic Flex Running","Loopic","Women","Running","Knit","Black","Resistant","Flat",9.5,144.57,4.6,1.0,"Ottawa"
"FOO-7312","FootFlex Ultra Walking","FootFlex","Women","Walking","Knit","Black","Waterproof","High",7.0,60.29,4.7,14.0,"Toronto"
"LOO-7507","Loopic Pro Walking","Loopic","Men","Walking","Synthetic","White","Waterproof","Flat",6.0,45.95,4.1,19.0,"Toronto"
"RUN-9457","RunXpress Ultra Running","RunXpress","Women","Running","Synthetic","White","Waterproof","High",7.5,128.11,3.7,13.0,"Toronto"
"RUN-6937","RunXpress Flex Running","RunXpress","Men","Running","Knit","Black","Waterproof","Flat",10.0,109.35,3.4,16.0,"Ottawa"
"RUN-5098","RunXpress X Walking","RunXpress","Women","Walking","Synthetic","Black","Resistant","High",11.5,138.37,4.3,12.0,"Toronto"
"FOO-2115","FootFlex X Walking","FootFlex","Women","Walking","Knit","Black","Waterproof","Flat",12.5,78.58,4.8,3.0,"Toronto"
"FOO-8582","FootFlex X Walking","FootFlex","Women","Walking","Synthetic","Black","Resistant","High",7.5,85.32,3.5,13.0,"Toronto"
"LOO-6291","Loopic Ultra Walking","Loopic","Men","Walking","Synthetic","White","Resistant","Flat",6.0,58.41,3.6,7.0,"Ottawa"
"STR-6203","StrideOne X Walking","StrideOne","Men","Walking","Synthetic","White","Waterproof","Flat",6.0,92.49,4.1,7.0,"Toronto"
"RUN-7243","RunXpress Max Walking","RunXpress","Men","Walking","Knit","White","Resistant","High",10.0,65.7,4.2,10.0,"Ottawa"
"STR-8207","StrideOne Pro Walking","StrideOne","Men","Walking","Knit","White","Waterproof","High",6.5,42.46,5.0,15.0,"Ottawa"
"STR-4649","StrideOne Max Running","StrideOne","Men","Running","Knit","Black","Waterproof","High",12.5,55.47,3.4,4.0,"Toronto"
"LOO-6278","Loopic X Running","Loopic","Women","Running","Synthetic","White","Waterproof","High",10.5,52.75,4.3,5.0,"Toronto"
"ZEN-8688","Zentrax Pro Walking","Zentrax","Women","Walking","Synthetic","White","Waterproof","High",8.0,61.51,3.9,11.0,"Ottawa"
"FOO-7949","FootFlex Max Walking","FootFlex","Women","Walking","Knit","Black","Waterproof","High",7.0,144.07,4.9,9.0,"Ottawa"
"ZEN-6459","Zentrax Max Running","Zentrax","Men","Running","Synthetic","Black","Waterproof","High",11.5,128.75,3.1,9.0,"Toronto"
"ZEN-8895","Zentrax Flex Walking","Zentrax","Men","Walking","Synthetic","Black","Resistant","High",12.5,115.31,5.0,8.0,"Ottawa"
"FOO-1128","FootFlex Flex Running","FootFlex","Men","Running","Synthetic","White","Resistant","Flat",12.5,32.47,3.9,2.0,"Toronto"
"STR-5054","StrideOne Flex Running","StrideOne","Women","Running","Synthetic","Black","Resistant","High",12.0,81.1,4.3,5.0,"Ottawa"
"ZEN-4252","Zentrax Pro Running","Zentrax","Men","Running","Knit","Black","Waterproof","High",11.0,30.38,4.9,10.0,"Ottawa"
"FOO-7467","FootFlex Pro Running","FootFlex","Women","Running","Synthetic","White","Waterproof","High",10.5,114.58,3.4,18.0,"Ottawa"
"LOO-8639","Loopic X Walking","Loopic","Men","Walking","Knit","Black","Resistant","High",9.0,32.53,3.1,1.0,"Ottawa"
"FOO-6110","FootFlex Flex Running","FootFlex","Men","Running","Synthetic","Black","Resistant","Flat",10.5,97.3,4.6,20.0,"Ottawa"
"ZEN-5744","Zentrax Max Running","Zentrax","Women","Running","Synthetic","White","Resistant","Flat",10.0,35.68,3.4,18.0,"Ottawa"
"LOO-6208","Loopic Max Walking","Loopic","Women","Walking","Knit","White","Waterproof","Flat",8.0,97.22,3.3,3.0,"Ottawa"
"ZEN-7456","Zentrax Ultra Walking","Zentrax","Men","Walking","Synthetic","Black","Waterproof","High",9.0,31.73,4.1,2.0,"Ottawa"
"LOO-1024","Loopic X Running","Loopic","Men","Running","Knit","White","Resistant","Flat",11.5,94.41,3.6,6.0,"Toronto"
"LOO-2098","Loopic Pro Walking","Loopic","Women","Walking","Synthetic","Black","Resistant","High",9.0,51.19,4.3,12.0,"Ottawa"
"FOO-5833","FootFlex Flex Running","FootFlex","Women","Running","Synthetic","White","Resistant","Flat",9.5,30.29,4.3,5.0,"Ottawa"
"ZEN-4990","Zentrax Ultra Walking","Zentrax","Women","Walking","Knit","Black","Resistant","Flat",11.5,76.47,4.1,20.0,"Toronto"
"LOO-6904","Loopic Pro Running","Loopic","Women","Running","Synthetic","White","Waterproof","Flat",11.0,135.07,4.5,13.0,"Ottawa"
"LOO-5357","Loopic Ultra Walking","Loopic","Women","Walking","Synthetic","White","Waterproof","Flat",12.0,96.1,4.4,13.0,"Ottawa"
"STR-2412","StrideOne Max Running","StrideOne","Women","Running","Knit","White","Waterproof","Flat",10.0,94.79,3.2,11.0,"Toronto"
"RUN-9017","RunXpress X Running","RunXpress","Women","Running","Synthetic","White","Waterproof","Flat",10.0,142.45,4.8,12.0,"Ottawa"
"LOO-5607","Loopic Flex Walking","Loopic","Women","Walking","Knit","Black","Resistant","Flat",12.0,119.66,3.7,19.0,"Ottawa"
"ZEN-5250","Zentrax Max Walking","Zentrax","Women","Walking","Knit","Black","Resistant","High",10.5,58.29,3.6,18.0,"Toronto"
"LOO-9524","Loopic Ultra Running","Loopic","Men","Running","Knit","White","Waterproof","Flat",8.0,83.5,4.5,17.0,"Ottawa"
"LOO-9327","Loopic Pro Running","Loopic","Women","Running","Knit","Black","Resistant","Flat",8.5,71.28,3.9,9.0,"Ottawa"
"STR-4341","StrideOne Pro Walking","StrideOne","Women","Walking","Synthetic","White","Resistant","Flat",8.0,45.33,3.7,12.0,"Toronto"
"STR-2126","StrideOne Pro Running","StrideOne","Women","Running","Knit","White","Waterproof","High",12.5,40.95,4.4,13.0,"Ottawa"
"FOO-6058","FootFlex Ultra Running","FootFlex","Women","Running","Knit","White","Waterproof","High",8.5,52.02,3.8,9.0,"Toronto"
"ZEN-7398","Zentrax X Walking","Zentrax","Men","Walking","Knit","Black","Resistant","High",12.5,105.09,4.5,10.0,"Toronto"
"ZEN-4049","Zentrax Flex Running","Zentrax","Men","Running","Synthetic","White","Waterproof","Flat",9.0,121.18,4.3,13.0,"Toronto"
"RUN-6703","RunXpress Flex Running","RunXpress","Women","Running","Synthetic","White","Waterproof","High",12.5,119.06,5.0,13.0,"Ottawa"
"ZEN-2650","Zentrax Max Running","Zentrax","Women","Running","Synthetic","White","Waterproof","Flat",6.5,111.77,4.0,19.0,"Ottawa"
"RUN-3313","RunXpress X Walking","RunXpress","Women","Walking","Synthetic","Black","Waterproof","Flat",8.5,65.71,4.9,3.0,"Toronto"
